,name,申请材料,申请费,学费,住宿费,生活费,总费用,邮箱,地址,电话,招办网址,书本费
0,剑桥大学,1、在线填写申请表，包含内容大致有：个人信息、联系方式、教育背景、工作经历等、推荐人信息等。2、本科成绩单：中英文对照+公证，截止当前的所有大学成绩单。3、语言成绩单。4、在读证明/毕业证明：中英文对照+公证。5、工作证明/实习证明（如有）：中英文对照+公证。6、荣誉证明（如有）：中英文对照+公证。7、护照扫描件。8、个人陈述：包含在申请表中。9、研究计划：包含在申请表中。10、学术推荐信：1-2封，由推荐人在线上传给学校。11、个人推荐信：1封，仅欲申请盖茨剑桥奖学金（Gates Cambridge）的学生需要递交。12、个人简历：部分项目需要。13、个人作品/论文：部分项目需要,50,28625,2400,9200,45725,Graduate.Admissions@admin.cam.ac.uk,Graduate Admissions Office Academic Division 17 Mill Lane Cambridge CB2 1RX,+44 (0)1223 760606,http://www.graduate.study.cam.ac.uk/how-do-i-apply,
1,牛津大学,1、在线申请表：在线填写。2、成绩单：公证件、原件、中文版、外文版英文、官方。3、推荐人具体信息：需要。4、申请硕士所需材料：研究计划、按学校要求撰写的论文。5、材料提交方式：官网提交、电子邮件、邮寄至学校、第三方平台。6、根据学科要求提交材料：作品集、表演音视频、学校要求其它材料具体要求见各专业。7、推荐信：3封（推荐信内容说明：多数专业要求提交学术推荐信，部分专业同时接受工作推荐信）。9、个人简历：需要。10、申请费交纳：申请费交纳证明、在线提交材料申请费（60英镑）。11、本科毕业证/学位证：外文版。12、个人陈述：需要。13、语言要求与标准化考试成绩：需要,25,17040,9000,11408,40448,graduate.admissions@admin.ox.ac.uk,"Graduate Admissions University Offices Wellington Square Oxford OX1 2JD, UK",+44 (0)1865 270059,http://www.graduate.ox.ac.uk/applyonline,1000
2,圣安德鲁斯大学,1、在线申请表。2、成绩单（复印件、公证件、英文版）。3、两封推荐信（至少一封学术推荐信）。4、个人陈述。5、雅思、托福成绩单。6、本科毕业证、学位证（复印件、公证件、英文版）,50,18470,4258,9000,31728,pgrecruitment@st-andrews.ac.uk，pgt.application@st-andrews.ac.uk,"Admissions University of St Andrews St Katharine's West 16 The Scores St Andrews Fife, KY16 9AX Scotland, UK",+44 (0)1334 46 3325，+44 (0)1334 46 2150,http://www.st-andrews.ac.uk/study/pg/apply/taught/apply/,
3,帝国理工学院,在线申请表	在线填写。个人陈述。材料提交方式	官网提交。申请费交纳	免申请费。推荐信	数量：2。本科毕业证/学位证	1、扫描件；外文版英文。成绩单	1、扫描件；外文版英文。面试	需要。语言要求与标准化考试成绩	需要。推荐人具体信息	需要。其它说明	1、申请商学院需缴纳申请费。,,27100,11000,,,c.eames@imperial.ac.uk,"Registry, Imperial College London, Level 3 Sherfield Building, South Kensington Campus, London SW7 2AZ, UK",+44 (0) 20 7594 2922,https://apply.imperial.ac.uk/login,
4,杜伦大学,1、本科成绩单：中英文对照+公证。2、语言成绩单。3、在读证明/毕业证明：中英文对照+公证。4、工作证明/实习证明（如有）：中英文对照+公证。5、荣誉证明（如有）：中英文对照+公证。6、护照扫描件。7、个人陈述。8、推荐信：一般是2封,60,14900,4230,6975,26256,international.office @durham.ac.uk，pg.admissions@durham.ac.uk,Durham University International Office Palatine Centre Stockton Road Durham DH1 3LE UK,+44 (0) 191 334 6328,https://www.dur.ac.uk/postgraduate/apply/,
5,兰卡斯特大学,1、本科成绩单：中英文对照+公证，截止当前的所有大学成绩单。2、语言成绩单。3、在读证明/毕业证明：中英文对照+公证。4、工作证明/实习证明（如有）：中英文对照+公证。5、荣誉证明（如有）：中英文对照+公证。6、护照扫描件。7、个人陈述：一般是1封。8、推荐信：2封。9、个人简历：一般不需要。10、研究计划：授课型项目不需要；研究型项目需要用以联系导师,,13260,5980,3692,23452,internationaloffice@lancaster.ac.uk,,,http://www.ucas.com/,520
6,伦敦大学学院,1、本科成绩单：中英文对照+公证，截止当前的所有大学成绩单。2、语言成绩单。3、在读证明/毕业证明：中英文对照+公证。4、工作证明/实习证明（如有）：中英文对照+公证。5、荣誉证明（如有）：中英文对照+公证。6、护照扫描件。7、个人陈述。8、推荐信：2封。9、研究计划：授课型项目不需要；研究型项目需要用以联系导师,75,16690,7540,11400,40000,admissions@ucl.ac.uk，international@ucl.ac.uk,UCL International Office  University College London  Gower Street London  WC1E 6BT United Kingdom,+44 (0) 20 7679 7742/7381，+44 (0)20 7679 7765,http://www.ucl.ac.uk/prospective-students/graduate/apply,1000
7,拉夫堡大学,1、在线申请表。2、成绩单：复印件。3、推荐信：2篇。4、推荐人具体信息。5、财产证明。6、语言要求与标准化考试成绩。7、本科毕业证/学位证：复印件,,14300,11000,,25112,international-office@lboro.ac.uk，pgtaught@lboro.ac.uk,"International Office Hazlerigg Building Loughborough University Leicestershire, LE11 3TU UK",+44 01509 222201，+44 1509 222496,http://www.lboro.ac.uk/services/registry/pgapps,1000
8,华威大学,1、本科成绩单：中英文对照+公证，截止当前的所有大学成绩单。2、语言成绩单。3、在读证明/毕业证明：中英文对照+公证。4、工作证明/实习证明（如有）：中英文对照+公证。5、荣誉证明（如有）：中英文对照+公证。6、护照扫描件。7、个人陈述。8、推荐信：一般是2封。9、个人简历：一般不需要。10、研究计划：授课型项目不需要；研究型项目需要用以联系导师,50,17500,5800,6350,28130,pgteam4@warwick.ac.uk，http://www2.warwick.ac.uk/study/postgraduate/contacts/pgenquiry/,"Postgraduate Admissions Team, Student Admissions and Recruitment Office, University of Warwick, Coventry CV4 8UW UK",+44 (0) 24 7652 4585,http://www2.warwick.ac.uk/study/postgraduate/apply/,520
9,利兹大学,1、本科成绩单：中英文对照+公证，截止当前的所有大学成绩单。2、语言成绩单。3、在读证明/毕业证明：中英文对照+公证。4、工作证明/实习证明（如有）：中英文对照+公证。5、荣誉证明（如有）：中英文对照+公证。6、护照扫描件。7、个人陈述。8、推荐信：2封。9、个人简历：授课型项目一般不需要，研究型项目需要。10、研究计划：授课型项目不需要；研究型项目需要用以联系导师。11、资金证明,,14000,6580,9000,23918,study@leeds.ac.uk，internationalwelcome@leeds.ac.uk,International Student Office University of Leeds Level 11 Marjorie & Arnold Ziff Building Leeds LS2 9JT UK,+44 (0) 113 343 3930，+44 (0)113 343 4044,https://application.leeds.ac.uk/,728
10,伦敦政治经济学院,1、本科成绩单：中英文对照+公证，截止当前的所有大学成绩单。2、语言成绩单。3、在读证明/毕业证明：中英文对照+公证。4、工作证明/实习证明（如有）：中英文对照+公证。5、荣誉证明（如有）：中英文对照+公证。6、护照扫描件。7、个人陈述：一般要求要求有1封个人陈述。8、推荐信：2封。9、个人简历：1封。10、研究计划：授课型项目不需要；研究型项目需要用以联系导师,75,19344,9000,,,https://lfylive.lse.ac.uk/lfy/tc/enquiries/enquiry.html?a=2&c=1,"Graduate Admissions, The London School of Economics and Political Science, PO Box 13420, Houghton Street, London, WC2A 2AR, United Kingdom.",+44 (0)20 7955 7160,http://www.lse.ac.uk/GraduateApplyOnline,
11,巴斯大学,1、本科成绩单：中英文对照+公证，截止当前的所有大学成绩单。2、语言成绩单。3、在读证明/毕业证明：中英文对照+公证。4、工作证明/实习证明（如有）：中英文对照+公证。5、荣誉证明（如有）：中英文对照+公证。6、护照扫描件。7、个人陈述：一般是1封。8、推荐信：1封。9、研究计划：授课型项目不需要；研究型项目需要用以联系导师,25,15000,3344,14000,35000,info@bath.ac.uk,University of Bath Claverton Down Bath BA2 7AY United Kingdom,+44 (0)1225 388388,http://www.bath.ac.uk/study/pg/apply/,1000
12,东英吉利大学,1、在读证明/毕业证明：中英文对照+公证。2、工作证明/实习证明（如有）：中英文对照+公证。3、荣誉证明（如有）：中英文对照+公证。4、本科成绩单：中英文对照+公证，截止当前的所有大学成绩单。5、语言成绩单。6、个人简历。7、个人陈述：研究型项目需要（约500字）。8、推荐信：授课型项目1封，研究型项目2封。9：研究计划：研究型项目需要用以联系导师。10：护照扫描件。11：资金证明,,13550,,9600,,intl.office@uea.ac.uk，admissions@uea.ac.uk,International Office University of East Anglia Norwich Research Park Norwich NR4 7TJ UK,+44 1603 593280，+44 (0)1603 591515,http://www.uea.ac.uk/study-with-us-restructured/postgraduate/apply/how-to-apply,
13,埃克塞特大学,"1、本科成绩单：中英文对照+公证，截止当前的所有大学成绩单。2、语言成绩单。3、推荐信：一般是2封。4、研究计划：授课型项目不需要；研究型项目需要用以联系导师，一般以1,000-2,000字为主。5、在读证明/毕业证明：中英文对照+公证。6、工作证明/实习证明（如有）：中英文对照+公证。7、荣誉证明（如有）：中英文对照+公证。8、护照扫描件。9、个人陈述",50,15950,5760,4750,26760,pg-ad@exeter.ac.uk，intoff@exeter.ac.uk,Postgraduate Admissions 8th Floor Laver Building North Park Road Exeter EX4 4QE UK,+44(0)1392 723044，+44 (0) 1392 723405,http://www.exeter.ac.uk/postgraduate/apply/apply/,300
14,伯明翰大学,"1、本科成绩单：中英文对照+公证。2、语言成绩单：MBA项目仅接受IELTS成绩单。3、在读证明/毕业证明：中英文对照+公证。4、工作证明/实习证明（如有）：中英文对照+公证。5、荣誉证明（如有）：中英文对照+公证。6、护照扫描件。7、个人陈述：5,000字。8、推荐信：1-2封。9、个人简历：一般不需要，MBA项目要求必须提供。10、研究计划：授课型项目不需要；研究型项目需要用以联系导师",,14140,,9000,,pgadmissions@contacts.bham.ac.uk，international@bham.ac.uk,"Postgraduate Admissions, The University of Birmingham, Edgbaston, Birmingham, B15 2TT , United Kingdom",+44 (0)121 414 5488，+44 (0)121 414 2894,http://www.birmingham.ac.uk/postgraduate/courses/apply-pg/index.aspx,
15,布里斯托大学,1、语言成绩单：主要指雅思成绩。。2、毕业证书，学位证书或中英文对照的学校在读证明。3、A-LEVEL或IB成绩。4、个人陈述。5、两封推荐信。6、在校期间所获得的奖励及相关资格证书。8、已经工作的申请人需要提交工作证明,,17200,,11000,28200,choose-bristol@bristol.ac.uk，international-office@bristol.ac.uk，choosebristol-pg@bristol.ac.uk,"International Office University of Bristol The Richmond Building 105 Queens Road Bristol BS8 1LN, United Kingdom",+44 (0)117 331 8591，+44 (0)117 331 8571，+44 (0)117 394 1649,http://www.bristol.ac.uk/study/postgraduate/apply/,
16,约克大学,1.本科毕业证书或在读证明。2.本科阶段学习成绩单。3.推荐信。4.英语成绩证明，如IELTS等；。5.个人陈述。6.个人简历,,10336,6000,1800,22038,,,+44 (0)1904 324000,http://www.ucas.ac.uk/students/apply/,
17,诺丁汉大学,,25,17470,,11000,,PG-Applications-Enquiries@nottingham.ac.uk,Postgraduate Admissions The University of Nottingham Gatehouse Lodge Wollaton Hall Drive Derby Road Nottingham NG8 1AF UK,+44 (0) 115 951 4749,http://www.nottingham.ac.uk/pgstudy/how-to-apply/apply-online.aspx,
18,萨里大学,1、在线申请表：在线填写。2、成绩单：复印件+扫描件。3、推荐信。4、推荐人具体信息。5、个人陈述。6、语言要求与标准化考试成绩。7、申请硕士所需材料。8、本科毕业证/学位证：复印件+扫描件,,13500,9000,,,admissions@surrey.ac.uk，international@surrey.ac.uk,"Postgraduate Admissions Office, Registry Student Centre, University of Surrey, Guildford, Surrey, GU2 7XH UK",+44 (0)1483 682222，+44 0800 980 3200，+44 (0)1483 689467,http://www.surrey.ac.uk/apply/postgraduate/how-to-apply,
19,格拉斯哥大学,1、申请费:多数英国大学都需要提交申请费。。2、语言成绩单：主要指雅思成绩。。3、毕业证书，学位证书或中英文对照的学校在读证明。。4、申请硕士课程，至少提交6个学期的学业成绩单，毕业后补交完整成绩单，已毕业的学生直接提交完整成绩单；申请本科课程，需要提交A-LEVEL或IB成绩；申请本科预科课程，需要提交高中前两年或高中全三年成绩单。。5、个人陈述。6、两封推荐信：有工作经验的学生，一封工作单位推荐信，一封学校老师推荐信；大四在读学生：两封老师推荐信。。7、申请人在校期间所获得的奖励及相关资格证书（省级以上奖励对申请才会有帮助，如：发表在省级刊物上文章，或省级以上社会活动的奖状等）。。8、已经工作的申请人需要提交工作证明。,,14500,6500,11000,,PGadmissions@glasgow.ac.uk,"International & Postgraduate Admissions, University of Glasgow, Fraser Building - Student Services, 65 Hillhead Street, Glasgow G12 8QF",+44 (0) 141 330 4515,http://www.gla.ac.uk/postgraduate/apply/,
20,谢菲尔德大学,1、本科成绩单：中英文对照+公证，截止当前的所有大学成绩单。2、语言成绩单。3、在读证明/毕业证明：中英文对照+公证。4、工作证明/实习证明（如有）：中英文对照+公证。5、荣誉证明（如有）：中英文对照+公证。6、护照扫描件。7、个人陈述：一般是1封，300字以内。8、推荐信：2封。9、个人简历：可选。10、研究计划：授课型项目不需要；研究型项目需要用以联系导师，一般要求500-1000字,,17600,5500,9000,,http://www.sheffield.ac.uk/ssid/international/email,"International Student Support University of Sheffield Level 6, Students' Union building Western Bank Sheffield S10 2TG UK",+44 0114 222 9679,http://www.sheffield.ac.uk/postgraduate/taught/apply/applying,
21,埃塞克斯大学,1、成绩单。2、推荐信。3、个人简历。4、语言要求与标准化考试成绩。5、本科毕业证/学位证,,,,,,enquiries@essex.ac.uk,,+44 (0) 1206 873333,,
22,邓迪大学,,,11500,9000,,,postgrad-admissions@dundee.ac.uk,Admissions and Student Recruitment University of Dundee Nethergate Dundee DD1 4HN,+44 (0)1382 38 38 38,http://www.dundee.ac.uk/study/pg/how-to-apply/,
23,爱丁堡大学,1、本科成绩单：中英文对照+公证，截止当前的所有大学成绩单。2、语言成绩单。3、在读证明/毕业证明：中英文对照+公证。4、工作证明/实习证明（如有）：中英文对照+公证。5、荣誉证明（如有）：中英文对照+公证。6、护照扫描件。7、个人陈述。8、推荐信：一般是2封。9、个人简历：一般不需要。10、研究计划：授课型项目不需要；研究型项目需要用以联系导师,50,10500,6230,5000,21730,sra.enquiries@ed.ac.uk，international.enquiries@ed.ac.uk,The International Office The University of Edinburgh 33 Buccleuch Place Edinburgh  EH8 9JS,+44 (0)131 650 4360,http://www.ed.ac.uk/studying/postgraduate/applying/application,
24,曼彻斯特大学,1、语言成绩单：主要指雅思成绩。。2、毕业证书，学位证书或中英文对照的学校在读证明。。3、至少提交6个学期的学业成绩单，毕业后补交完整成绩单，已毕业的学生直接提交完整成绩单。4、个人陈述。5、两封推荐信。6、在校期间所获得的奖励及相关资格证书。7、已经工作的申请人需要提交工作证明,,18500,6720,11000,,international@manchester.ac.uk，pg-admissions@manchester.ac.uk,"International Office / International Relations, Rutherford Building, The University of Manchester, Oxford Road, Manchester United Kingdom M13 9PL",+44 (0) 161 306 1634，+44 (0) 161 275 4740,http://www.manchester.ac.uk/study/masters/admissions/apply/,
25,纽卡斯尔大学,1、在线填写表。2、成绩单（复印件、公证件、英文版）。3、两封推荐信（至少一封学术推荐信）。4、财产证明、担保人担保书。5、个人陈述。6、本科毕业证、学位证（复印件、公证件、英文版）。7、雅思、托福成绩单。8、护照首页复印件,,14750,2899,9000,26649,international.office@ncl.ac.uk，http://www.ncl.ac.uk/enquiries/,International Recruitment Team Marketing and Student Recruitment Directorate Newcastle University  King's Gate  Newcastle upon Tyne NE1 7RU United Kingdom,+44 (0) 191 208 3333,http://www.ncl.ac.uk/postgraduate/apply/,
26,萨塞克斯大学,1、成绩单。2、推荐信。3、推荐人具体信息。4、个人陈述。5、语言要求与标准化考试成绩。6、研究计划：。7、本科毕业证/学位证。8、个人简历：说明部分专业要求申请人提交个人简历。,,14450,9000,,,pg.enquiries@sussex.ac.uk,"Postgraduate Admissions,  Sussex House,  University of Sussex, Falmer,  Brighton BN1 9RH, UK",+44 (0)1273 876787,http://www.sussex.ac.uk/study/apply/logintoaccount,
27,伦敦国王学院,1、语言成绩单：主要指雅思成绩。。2、毕业证书，学位证书或中英文对照的学校在读证明。3、至少提交6个学期的学业成绩单，毕业后补交完整成绩单，已毕业的学生直接提交完整成绩单。4、个人陈述。5、两封推荐信。6、在校期间所获得的奖励及相关资格证书。7、已经工作的申请人需要提交工作证明,30,17040,,11000,,prospective@kcl.ac.uk，china@kcl.ac.uk,King's College London Strand London WC2R 2LS United Kingdom,+44 (0)20 3660 2666，+44 (0)20 7848 3388,http://www.kcl.ac.uk/study/pg/admissions/TaughtProgrammes.aspx,
28,伦敦大学皇家霍洛威学院,1、在线申请表。2、成绩单：复印件。3、推荐信：1封。4、推荐人具体信。5、财产证明。6、动机信。7、语言要求与标准化考试成绩。8、按学校要求撰写的论文。9、本科在读学生需提交学科成绩单。10、本科毕业证/学位证复印件,,,,,,InternationalAdvice@royalholloway.ac.uk,"Student Recruitment & Partnerships Royal Holloway, University of London Egham Surrey TW20 0EX United Kingdom",+44 (0) 1784 414944,https://apply.embark.com/grad/royalholloway/96/,
29,南安普顿大学,,,12500,5600,,,international@southampton.ac.uk，admissions@soton.ac.uk,"SAA Registry Admissions  Room 2035, Building 37  University of Southampton  Highfield  Southampton  SO17 1BJ UK",+44 (0) 23 8059 2772，+44 (0)23 8059 4732,http://www.southampton.ac.uk/courses/how-to-apply/postgraduate-applications.page,
30,肯特大学,,,13500,7560,,,admissions@kent.ac.uk，information@kent.ac.uk,"Recruitment and Admissions Office The Registry,  University of Kent,  Canterbury, Kent CT2 7NZ",+44 (0) 1227 824123，+44 01227 827272,https://www.kent.ac.uk/courses/postgraduate/apply/index.html,
31,雷丁大学,1、本科成绩单：中英文对照+公证，截止当前的所有大学成绩单。2、语言成绩单。3、在读证明/毕业证明：中英文对照+公证。4、工作证明/实习证明（如有）：中英文对照+公证。5、荣誉证明（如有）：中英文对照+公证。6、护照扫描件。7、个人陈述。8、推荐信：2封，可以由推荐人Email给学校，必须使用学校域名（国内一般是edu.cn）的邮箱，不可使用类似Yahoo、Gmail等的个人邮箱,30,13838,11000,,,pgadmissions@reading.ac.uk，http://www.reading.ac.uk/15/Study/international/study-int-staff.aspx,"The University of Reading, Whiteknights, PO Box 217, READING, Berkshire, RG6 6AH, United Kingdom",+44 (0)118 378 6982，+44 (0) 118 378 5289,http://www.reading.ac.uk/apply/pg-applicationform.aspx,
32,哈珀亚当斯大学,1、本科成绩单：中英文对照+公证，截止当前的所有大学成绩单。2、语言成绩单。3、在读证明/毕业证明：中英文对照+公证。4、工作证明/实习证明（如有）：中英文对照+公证。5、荣誉证明（如有）：中英文对照+公证。6、护照扫描件。7、个人陈述。8、推荐信：2封，可以由推荐人Email给学校，必须使用学校域名（国内一般是edu.cn）的邮箱，不可使用类似Yahoo、Gmail等的个人邮箱,30,13838,11000,,,pgadmissions@reading.ac.uk，http://www.reading.ac.uk/15/Study/international/study-int-staff.aspx,"The University of Reading, Whiteknights, PO Box 217, READING, Berkshire, RG6 6AH, United Kingdom",+44 (0)118 378 6982，+44 (0) 118 378 5289,http://www.reading.ac.uk/apply/pg-applicationform.aspx,
33,莱斯特大学,1、本科成绩单：中英文对照+公证，截止当前的所有大学成绩单。2、语言成绩单。3、在读证明/毕业证明：中英文对照+公证。4、工作证明/实习证明（如有）：中英文对照+公证。5、荣誉证明（如有）：中英文对照+公证。6、护照扫描件。7、个人陈述。8、资金证明。9、推荐信：2封,,,,,,pgadmissions@le.ac.uk,Admissions Office University of Leicester University Road Leicester LE1 7RH UK,+44 (0)116 252 5381,https://le.ac.uk/student-life/how-to-apply/pg-making-application,
34,卡迪夫大学,1、UCAS在线申请表。2、成绩单（复印件、英文版）。3、推荐信：来自授课教师、指导教授；至少两封推荐信且至少一封学术。4、推荐人具体信息。5、个人陈述。6、语言要求与标准化考试成绩。7、本科毕业证/学位证（复印件、英文版）。材料提交方式：1、官网提交；2、电子邮件；3、邮寄至学校。其它说明：1、申请研究型硕士需提交研究计划。,12,16000,3473,9000,28473,international@cardiff.ac.uk，admissions@cardiff.ac.uk,"International Office Cardiff University  Deri House, 2-4 Park Grove  Cardiff CF10 3BN  Wales, UK",+44 (0)29 2087 4432，+44 (0)29 2087 9999,http://www.cardiff.ac.uk/study/postgraduate/applying/how-to-apply/online-application-service,
35,伦敦大学亚非学院,（1）UCAS在线申请表。（2）托福/雅思。（3）A-level或IB课程成绩等。（4）1篇Essay及1封推荐信。（5）大学毕业证/大学在读证明。（6）大学成绩单。（7）资金证明。注：伦敦大学亚非学院不要求学生参加面试。,12,13890,,9000,,mastersadmissions@soas.ac.uk,"Master's office,SOAS, Thornhaugh Street, Russell Square, London, WC1H 0XG, United Kingdom",+44 (0)20 7898 4320,http://www.soas.ac.uk/admissions/pg/howtoapply/,
36,斯旺西大学,,12,16500,,8000,,,,+44(0)1792 606000,,
37,贝尔法斯特女王大学,1、成绩单：复印件/公证件/扫描件/外文版英文。2、本科毕业证/学位证：复印件/公证件/扫描件/外文版英文。3、语言要求与标准化考试成绩。4、研究计划,,17600,11000,,,Postgrad.admissions@qub.ac.uk，intl.student@qub.ac.uk，international@qub.ac.uk,Admissions and Access Service Queen's University Belfast Belfast BT7 1NN,+44 (0)28 9097 5081，+44 (0) 28 9097 5088,http://www.qub.ac.uk/Study/PostgraduateStudy/Postgraduate-taught/How-to-apply/Apply-online/,
38,赫瑞瓦特大学,1、本科毕业证书或在读证明，原件或公证件（中英文版本）。2、本科阶段学习成绩单，原件或公证件（中英文版本）。3、推荐信。4、英语成绩证明，如IELTS，TOEFL等；。5、个人陈述。6、个人简历,,14800,5380,7000,,pgadmissions@hw.ac.uk，enquiry.int@hw.ac.uk,"Postgraduate Admissions, Heriot-Watt University, Edinburgh EH14 4AS, Scotland UK",+44 (0)131 451 3729，+44 (0) 131 451 3707,https://www.hw.ac.uk/study/apply/postgraduate.htm,
39,阿伯丁大学,1、在线申请表。2、成绩单（扫描件）。3、一封学术推荐信。4、个人陈述。5、雅思、托福成绩单。6、本科毕业证/学位证（扫描件）。材料提交方式：官网提交或邮寄至学校,,12600,7280,9000,29280,sras@abdn.ac.uk，study@abdn.ac.uk,"Postgraduate Admissions Student Recruitment & Admissions Service University of Aberdeen The Hub, Elphinstone Road King's College Aberdeen AB24 3TU UK",+44 (0)1224-272090/272091，+44 (0)1224-273506,https://www.abdn.ac.uk/study/postgraduate-taught/applying-for-a-postgraduate-programme-952.php,
40,思克莱德大学,1.本科毕业证书或在读证明。2.本科阶段学习成绩单。3.推荐信。4.英语成绩证明，如IELTS等；。5.个人陈述。6.个人简历,,12200,100,7500,27500,pgenquiries@strath.ac.uk，international@strath.ac.uk,"Recruitment and International Office Level 4, Graham Hills Building  50 George Street Glasgow G1 1XP UK",+44 (0)141 5482913，+44 (0) 141 548 3195,http://www.strath.ac.uk/studywithus/postgraduatetaught/howtoapply/,
41,利物浦大学,在线申请表	1、在线填写；2、本人签名确认。根据学科要求提交材料	1、作品集；2、表演音视频；学校要求其它材料根据学科要求提交论文等相关材料，。申请硕士所需材料	1、学习计划；2、研究计划；3、学术兴趣计划；4、按学校要求撰写的论文。材料提交方式	1、官网提交；2、电子邮件；3、邮寄至学校。推荐信	1、数量:2;；2、推荐信内容说明两封学术推荐信。。推荐人具体信息	需要。面试	1、视频；2、到校面试。本科毕业证/学位证	1、公证件；2、原件；外文版英文。成绩单	1、公证件；2、原件；外文版英文。个人陈述	需要。语言要求与标准化考试成绩	需要,,12200,6336,13500,,pgint@liv.ac.uk,Admissions Marketing and Communications The University of Liverpool Foundation Building Brownlow Hill Liverpool L69 7ZX United Kingdom,+44 (0)151 794 5927,https://www.liverpool.ac.uk/study/postgraduate/applying/online/,
42,伦敦大学玛丽女王学院,1、本科成绩单原件及复印件：中英文对照+公证。2、语言成绩单。3、在读证明/毕业证明：中英文对照+公证。4、工作证明/实习证明（如有）:中英文对照+公证。5、荣誉证明（如有）：中英文对照+公证。6、护照扫描件。7、个人陈述。8、推荐信：一般是2封。9、个人简历。10、研究计划：授课型项目不需要；研究型项目需要用以联系导师,,12000,6000,13000,30000,international-office@qmul.ac.uk，admissions@qmul.ac.uk,"Queen Mary, University of London, Mile End Road, London E1 4NS UK",+44 (0)20 7882 5511，+44 (0)20 7882 6530,http://www.qmul.ac.uk/international/international-students/howtoapply//index.html,1000
43,考文垂大学,1、在线申请表。2、成绩单。3、推荐信（学术和工作推荐信各一封）及推荐人具体信息。4、财产证明、担保人保证书。5、语言要求与标准化考试成绩。6、本科毕业证/学位证,12,11453,9000,,21876,http://public.dataharvesting.com/coventry-io-rapidresponse,"Recruitment and Admissions Office Alan Berry Building, Room ABG21 Coventry University Priory Street Coventry CV1 5FB, United Kingdom",+44 (0) 24 7765 4321，+44 (0) 24 7765 2152,http://www.coventry.ac.uk/international-students-hub/new-students/how-to-apply/,
44,西伦敦大学,,,9950,9200,,,int.app@uwl.ac.uk，international@uwl.ac.uk,International Office University of West London St Mary's Road Ealing London W5 5RF UK,+44 (0) 20 8231 2440,http://www.uwl.ac.uk/international/how-apply/how-apply,
45,斯特林大学,1、语言成绩单：主要指雅思成绩。。2、毕业证书，学位证书或中英文对照的学校在读证明。。3、至少提交6个学期的学业成绩单，毕业后补交完整成绩单，已毕业的学生直接提交完整成绩单。4、个人陈述。5、两封推荐信：有工作经验的学生，一封工作单位推荐信，一封学校老师推荐信；大四在读学生：两封老师推荐信。。6、在校期间所获得的奖励及相关资格证书。7、已经工作的申请人需要提交工作证明,,11275,,11000,,international@stir.ac.uk，admissions@stir.ac.uk,"International & Postgraduate Office, University of Stirling Stirling FK9 4LA Scotland UK",+ 44 (0) 1786 466681,https://portal.stir.ac.uk/student/course-application/get-course-block.jsp?dept=&type=&course=&moa=&mos=,
46,阿斯顿大学,"1、有效护照。2、护照照片3张(白底无边彩色照片,35*45cm)。3、签证费 (随汇率而变动)。4、填好的签证申请表。5、学习计划。6、填写完整的student questionnaire。7、全套录取通知书。8、资金担保相关材料(存折/存单、存款证明、资金来源等)。9、经济担保人年收入证明。10、本人的雇佣/准假证明。11、固定资产或其他财产证明。12、出生公证或户口本。13、英语成绩单(IELTS、TOEFL等)。14、学位证书，毕业证书，成绩单",,13500,,9000,,international@aston.ac.uk,"International Office , Aston University, Aston Triangle, Birmingham, B4 7ET UK",+44 121 204 4888,http://www.aston.ac.uk/study/postgraduate/apply/,
47,亚伯大学,1、在线申请表。2、成绩单。3、推荐信。4、推荐人具体信息。5、个人陈述。6、语言要求与标准化考试成绩。7、申请硕士所需材料。8、本科毕业证/学位证。9、个人简历,,10500,,9253,32000,,,44 (0)19 7062 3111,,
48,白金汉大学,,,13300,4800,8665,,international-office@buckingham.ac.uk，applications@buckingham.ac.uk,The International Office The University of Buckingham Hunter Street Buckingham MK18 1EG United Kingdom,+44 (0)1280 820155,http://www.buckingham.ac.uk/admissions/applyonline,
49,诺丁汉特伦特大学,1、在线申请表。2、成绩单。3、推荐信及推荐人具体信息。4、语言要求与标准化考试成绩。5、本科毕业证/学位证。6、学习经历说明,12,12300,6000,,21100,international@ntu.ac.uk,"Nottingham Trent University, Burton Street, Nottingham, NG1 4BU UK",+44 (0)115 848 8175,https://www.ntu.ac.uk/study-and-courses/international/how-to-apply/applying-to-ntu,1000
50,伯恩茅斯艺术大学,,,13995,8000,,24995,,,,,1000
51,利物浦霍普大学,,,13995,8000,,24995,,,,,1000
52,朴茨茅斯大学,,,10500,3560,,,international.office@port.ac.uk,"University of Portsmouth - International Office First Floor, Nuffield Centre St Michael's Road Portsmouth, PO1 2ED UK",+44 (0) 23 9284 3488,http://www.port.ac.uk/apply-online/,
53,林肯大学,,,13648,2500,,,,,,,
54,班戈大学,,,11000,4439,,,international@llandrillo.ac.uk,,+44 1492 542 315,http://www.llandrillo.ac.uk/international,
55,西英格兰大学,在。线。申。请,,11250,9000,,,admissions@uwe.ac.uk，international@uwe.ac.uk,"Admissions Office University of the West of England Frenchay Campus Bristol, BS16 1QY UK",+44 (0)117 32 83333,http://www1.uwe.ac.uk/whatcanistudy/applyingtouwe/postgraduateapplications/howtoapply.aspx,
56,创意艺术大学,,,12010,10990,,26000,internationaladmissions@ucreative.ac.uk,"Admissions, UCA Canterbury, New Dover Road, Canterbury, Kent CT1 3AN UK",+44 (0) 1252 892893，+44 (0) 1252 892838,http://ucreative.ac.uk/international-apply-pg,1000
57,布鲁内尔大学,1、成绩单：复印件+扫描件+外文版英文。2、身份证明：护照首页复印件。3、获奖经历：需要。4、推荐信：推荐信内容说明学术和工作各一封。。5、推荐人具体信息。6、财产证明。7、个人陈述。8、语言要求与标准化考试成绩。9、本科在读学生需提交：学科成绩单。10、个人简历,,13000,9000,,23800,admissions@brunel.ac.uk，https://brunel.formstack.com/forms/enquiryform,Admissions Office Room 213 Bannerman Building Brunel University London Uxbridge Middlesex UB8 3PH UK,+44 (0)1895 265 265,http://www.brunel.ac.uk/study/admissions/how-to-apply-for-postgraduate-courses,1000
58,诺里奇艺术大学,1、成绩单：复印件+扫描件+外文版英文。2、身份证明：护照首页复印件。3、获奖经历：需要。4、推荐信：推荐信内容说明学术和工作各一封。。5、推荐人具体信息。6、财产证明。7、个人陈述。8、语言要求与标准化考试成绩。9、本科在读学生需提交：学科成绩单。10、个人简历,,13000,9000,,23800,admissions@brunel.ac.uk，https://brunel.formstack.com/forms/enquiryform,Admissions Office Room 213 Bannerman Building Brunel University London Uxbridge Middlesex UB8 3PH UK,+44 (0)1895 265 265,http://www.brunel.ac.uk/study/admissions/how-to-apply-for-postgraduate-courses,1000
59,切斯特大学,,,11500,3052,,,international@chester.ac.uk,University of Chester International Office Parkgate Road Chester CH1 4BJ UK,+44 1244 512465/ 512472/ 512335,http://www.chester.ac.uk/international/apply/pgapps,
60,艾芝西尔大学,,,12180,7500,,,international@edgehill.ac.uk,International Office Edge Hill University St Helens Road Ormskirk Lancashire L39 4QP United Kingdom,+44 1695 657122,https://www.edgehill.ac.uk/international/apply/postgraduatetaught/,
61,伦敦大学金史密斯学院,在线申请表	在线填写。成绩单	电子版。学习经历说明	需要。推荐信	数量：1。推荐人具体信息	需要。个人陈述。语言要求与标准化考试成绩	需要。本科毕业证/学位证	需要,,13340,9000,9000,31420,international@gold.ac.uk,"International Office,Goldsmiths, University of London, New Cross, London, SE14 6NW, UK",+44 (0)20 7078 5300,http://www.gold.ac.uk/pg/apply/,1000
62,斯塔福德郡大学,1、材料提交方式。2、推荐信。3、高中毕业证。4、成绩单。5、身份证明。6、学习经历说明。7、申请费交纳。8、推荐人具体信息。9、个人陈述。10、语言要求与标准化考试成绩,,12000,6625,9000,27000,isa@staffs.ac.uk,"International Student Support Staffordshire University Cadman Building College Road Stoke-on-Trent ST4 2DE, UK",+44 (0)1782 294539,http://www.staffs.ac.uk/international/how_to_apply/index.jsp,
63,哈德斯菲尔德大学,⒈毕业生： 成绩单+毕业证；在读生：成绩单+在读证明。⒉两位推荐人 + 两封推荐信 （其中一位推荐人必须为老师）。⒊个人陈述 （包括想读专业，个人能力，申请原因及兴趣爱好）。⒋英语能力证明 （在英国大学毕业的学生无需提供语言证明）。⒌个人简历 （包括全名，性别，出生日期，家庭住址，教育背景，工作经历，兴趣爱好，专业证书）,12,12500,,9000,,international.office@hud.ac.uk，international.applications@hud.ac.uk,International Office University of Huddersfield Queensgate Huddersfield West Yorkshire HD1 3DH United Kingdom,+44 (0)1484 472383,http://www.hud.ac.uk/postgraduate/how-to-apply/,
64,诺森比亚大学,1、在线申请表。2、推荐信及推荐人具体信息。3、语言要求与标准化考试成绩。4、本科毕业证/学位证,12,10600,3559,,14259,internationaladmissions@northumbria.ac.uk，international@northumbria.ac.uk,International Office Northumbria University 21 Ellison Place Newcastle upon Tyne NE1 8ST UK,+44 (0)191 2437906，+44 (0)191 227 4274,https://www.northumbria.ac.uk/international/international-admissions/how-to-apply-1/,
65,德蒙福特大学,1、在线申请表。2、成绩单。3、推荐信。4、推荐人具体信息。5、语言要求与标准化考试成绩。6、本科毕业证/学位证。7、工作经验证明（如有）,,12200,4560,9000,30000,iao@dmu.ac.uk，yan@dmu.ac.uk，dandan.zhu@dmu.ac.uk,"International Admissions Office  Portland Building  De Montfort University  The Gateway  Leicester LE1 9BH, UK",+44 (0)116 257 7713，+44 (0)116 250 6232，+44 (0) 116 207 8948,http://www.dmu.ac.uk/international/en/how-to-apply/how-to-apply.aspx,
66,利兹三一大学,1、在线申请表。2、成绩单。3、推荐信。4、推荐人具体信息。5、语言要求与标准化考试成绩。6、本科毕业证/学位证。7、工作经验证明（如有）,,12200,4560,9000,30000,iao@dmu.ac.uk，yan@dmu.ac.uk，dandan.zhu@dmu.ac.uk,"International Admissions Office  Portland Building  De Montfort University  The Gateway  Leicester LE1 9BH, UK",+44 (0)116 257 7713，+44 (0)116 250 6232，+44 (0) 116 207 8948,http://www.dmu.ac.uk/international/en/how-to-apply/how-to-apply.aspx,
67,法尔茅斯大学,1、在线申请表。2、成绩单。3、推荐信。4、推荐人具体信息。5、语言要求与标准化考试成绩。6、本科毕业证/学位证。7、工作经验证明（如有）,,12200,4560,9000,30000,iao@dmu.ac.uk，yan@dmu.ac.uk，dandan.zhu@dmu.ac.uk,"International Admissions Office  Portland Building  De Montfort University  The Gateway  Leicester LE1 9BH, UK",+44 (0)116 257 7713，+44 (0)116 250 6232，+44 (0) 116 207 8948,http://www.dmu.ac.uk/international/en/how-to-apply/how-to-apply.aspx,
68,利物浦约翰摩尔斯大学,1、本科成绩单：中英文对照+公证。2、语言成绩单。3、在读证明/毕业证明：中英文对照+公证。4、工作证明/实习证明（如有）：中英文对照+公证。5、荣誉证明（如有）：中英文对照+公证。6、护照扫描件。7、个人陈述：一般是1封。8、推荐信：2封。9、个人简历：一般不需要。10、研究计划：授课型项目不需要；研究型项目需要用以联系导师,25,14500,11000,,,international@ljmu.ac.uk，int-admissions@ljmu.ac.uk,"International Recruitment, Liverpool John Moores University, 10 Rodney Street, Liverpool L1 2TE UK",+44(0) 151 231 5090，+44 151 904 6499,https://oaf.ljmu.ac.uk/,
69,谢菲尔德哈莱姆大学,学。历。证。明。、。成。绩。单。、。资。格。证。书。、。语。言。能。力。证。明。、。推。荐。信。(。2。封。)。和。个。人。陈。述。等。相。关。资。料,,12250,6000,,21050,directadmissions@shu.ac.uk,Direct Admissions Team Admissions Office Sheffield Hallam University City Campus Sheffield  S1 1WB UK,+44 (0)114 225 5555,https://www.shu.ac.uk/study-here/how-to-apply/international,1000
70,奇切斯特大学,,,13700,4903,7270,,international@chi.ac.uk，admissions@chi.ac.uk,"International Advice and Support, University of Chichester, Bognor Regis Campus Upper Bognor Road, West Sussex PO21 IHR UK",+44 (0)1243 812194，+44 (0)1243 816002,http://www.ucas.ac.uk/,
71,阿尔斯特大学,1.在线申请表。2.成绩单。3.个人陈述。4.语言要求与标准化考试成绩。5.本科在读学生需提交。6.本科毕业证/学位证。7.材料提交方式,,12495,11000,,,international@ulster.ac.uk,"Student Marketing – International, Room L142, University of Ulster, Coleraine campus, Cromore Road, Coleraine Co. Londonderry, BT52 1SA, UNITED KINGDOM",+44 (0)28 7012 4383,https://www.ulster.ac.uk/apply/how-to-apply,
72,罗汉普顿大学,,,10600,7560,8875,,international@roehampton.ac.uk,International Office University of Roehampton Roehampton Lane London SW15 5PU UK,+44 (0)20 8392 3192,https://uniofroehampton.force.com/OnlineApp,
73,布拉德福德大学,1、成绩单。2、护照首页复印件。2、学习经历说明。3、2封推荐信，至少1封是学术推荐信。4、研究计划。5、托福、雅思、PTE成绩单。6、本科毕业证、学位证复印件,,14580,3906,9000,27486,admissions@bradford.ac.uk,"Admission Office, University of Bradford, Bradford, West Yorkshire, BD7 1DP, UK",+44 (0) 1274 236088,http://www.bradford.ac.uk/postgraduate/how-to-apply/,
74,伦敦城市大学,1、语言成绩单：主要指雅思成绩。。2、毕业证书，学位证书或中英文对照的学校在读证明。。3、至少提交6个学期的学业成绩单，毕业后补交完整成绩单，已毕业的学生直接提交完整成绩单。4、个人陈述。5、两封推荐信：。6、在校期间所获得的奖励及相关资格证书。7、已经工作的申请人需要提交工作证明,,13000,,11000,,international@city.ac.uk，simon.denton@city.ac.uk,International Office City University London Northampton Square London EC1V 0HB United Kingdom,+44 (0)20 7040 8790,http://www.city.ac.uk/study/postgraduate/applying-to-city,
75,赫尔大学,1、在线申请表。2、成绩单。3、身份证明。4、学习经历说明。5、推荐信。6、个人陈述。7、语言要求与标准化考试成绩。8、本科毕业证/学位证,,12300,11000,,35000,international@hull.ac.uk，pgstudy@hull.ac.uk,"International Office,University of HullCottingham Road,Hull, HU6 7RX UK",+44(0)1482 466904，+44 (0)1482 466850,http://www2.hull.ac.uk/student/admissions/postgraduate.aspx,
76,圣乔治医学院,1、在线申请表。2、成绩单：复印件+公证件。3、身份证明：护照各页复印件。4、获奖经历。5、推荐信：至少一封学术推荐信。。6、推荐人具体信息。7、财产证明。8、个人陈述。9、语言要求与标准化考试成绩：需要。10、本科在读学生需提交：学科成绩单。11、本科毕业证/学位证：复印件+公证件。12、个人简历,,13250,9000,,,study@sgul.ac.uk,"St George's, University of London Cranmer Terrace London SW17 0RE",+44 0208 725 2333,http://www.sgul.ac.uk/study/postgraduate/how-to-apply-postgraduate,
77,伯恩茅斯大学,1、在线申请表。2、成绩单。3、推荐信及推荐人具体信息。4、语言要求与标准化考试成绩。5、本科毕业证/学位证,12,14000,,,,askBUenquiries@bournemouth.ac.uk，internationaladmissions@bournemouth.ac.uk,Bournemouth University Fern Barrow  Talbot Campus Poole Dorset BH12 5BB UK,+44 (0)1202 961916,https://www1.bournemouth.ac.uk/study/postgraduate/apply,
78,曼彻斯特城市大学,1. 一张二寸（或小二寸）蓝色背景证件照片；。2. 需认证的国外源语言（颁发证书院校国家的官方语言）学位证书或高等教育文凭正本原件和复印件；。3. 需认证学位证书或高等教育文凭所学课程完整的正式成绩单原件和复印件；。4. 需认证的国外学位证书和成绩单的中文翻译件原件（须经正规翻译机构进行翻译（文广教育学历认证中心），个人翻译无效）。。5. 如在国内高校就读期间到国外高校学习获得国外学历学位证书，申请者需提供国内高校的毕业证书原件和复印件或者学信网学籍注册证明材料；。6. 申请者留学期间所有护照原件和复印件。。7. 申请者亲笔填写的授权声明,,12500,6450,,,international@mmu.ac.uk,"Manchester Metropolitan University, All Saints Building, All Saints, Manchester, M15 6BH",+44 (0)161 247 6969,http://www2.mmu.ac.uk/international/courses/how-to-apply/postgraduate-taught-study/,
79,德比大学,,,10455,3000,6000,,international@derby.ac.uk，askadmissions@derby.ac.uk,"International Student Advisor, University of Derby, Kedleston Road, Derby, DE22 1GB UK",+44(0) 1332 591698，+44 01332 591167,http://www.derby.ac.uk/international/study/apply/postgraduate/,
80,罗伯特高登大学,1、UCAS在线申请表。2、托福或雅思。4、1篇Essay及1封推荐信。5、大学毕业证或大学在读证明。6、大学成绩单。7、资金证明,,7900,,6000,,international@rgu.ac.uk，pgoffice@rgu.ac.uk,"Admissions Office , Robert Gordon University, Schoolhill, Aberdeen, AB10 1FR, Scotland, UK",+44 (0) 1224 262726，+44 (0) 1224 262209,http://www.rgu.ac.uk/international-students/how-to-apply-home,
81,格罗斯特大学,,,10900,9660,,,admissions@glos.ac.uk,"Admissions and Enrolment Academic Registry University of Gloucestershire Cornerways, Park Campus Cheltenham, Gloucestershire, GL50 2RH UK",+44 (0) 1242 714358,http://www.glos.ac.uk/study/postgraduate/pages/apply-for-a-postgraduate-degree.aspx,
82,牛津布鲁克斯大学,,12,12600,6450,7578,,admissions@brookes.ac.uk，international@brookes.ac.uk,"Oxford Brookes University, Headington Campus, Gipsy Lane, Oxford OX3 0BP, UK",+44 (0)1865-483040，+44 (0)1865 484848,http://www.ukpass.ac.uk/,
83,温切斯特大学,,,12400,3774,6800,,international@winchester.ac.uk，course.enquiries@winchester.ac.uk,"International Student Recruitment University of Winchester Winchester, England SO22 4NR",+44 1962 827023,https://www.ucas.com/ucas/undergraduate/register,
84,普利茅斯大学,1、在线申请表。2、成绩单：复印件+公证件+原件。3、身份证明：护照各页复印件。4、获奖经历。5、推荐信：推荐信内容说明至少一封学术推荐信。。6、推荐人具体信息。7、财产证明。8、个人陈述。9、语言要求与标准化考试成绩：需要。10、本科在读学生需提交：学科成绩单。11、本科毕业证/学位证：复印件+公证件。12、个人简历,,13250,9000,,,international-admissions@plymouth.ac.uk,"Plymouth University International Admissions, Drake Circus, Plymouth, Devon, PL4 8AA, United Kingdom",+44 (0)1752 588014,https://www.plymouth.ac.uk/international/how-to-apply/international-students-postgraduate-applications,
85,索尔福德大学,1、UCAS在线申请表。2、雅思或托福。3、1篇Essay及1封推荐信。4、本科毕业证或本科在读证明。5、本科阶段成绩单。6、资金证明,12,10280,3212,9000,,international@salford.ac.uk,"International office, University of Salford, Salford, M5 4WT, UK",+44 (0)161 295 4545,http://www.salford.ac.uk/study/postgraduate/applying/applying-for-taught-courses,
86,赫特福德大学,1、UCAS在线申请表。2、雅思或托福。3、A-level或IB课程成绩等。4、1篇Essay及1封推荐信。5、大学毕业证或大学在读证明。6、大学成绩单。7、资金证明。注：赫特福德大学不要求学生参加面试。,12,9500,5760,9840,12847,international@herts.ac.uk，admint@herts.ac.uk,International Office University of Hertfordshire MacLaurin Building Hatfield Hertfordshire  AL10 9NE UK,+44 (0)1707 284800,http://www.herts.ac.uk/international/how-to-apply,740
87,卡迪夫城市大学,,,14500,5650,,,,,,,
88,蒂赛德大学,,,13000,2909,5000,,international.admissions@tees.ac.uk，internationalenquiries@tees.ac.uk,Centre for International Development Foster Building Teesside University Middlesbrough Tees Valley TS1 3BA UK,+44 (0)1642 384244，+44 (0) 1642 738900,http://www.tees.ac.uk/sections/international/howtoapply.cfm,
89,中央兰开夏大学,1、成绩单。2、推荐信及推荐人具体信息。3、个人陈述。4、本科在读学科成绩单。5、本科毕业证/学位证,12,11950,3500,,,international@uclan.ac.uk，ia@uclan.ac.uk,"International Admissions Office, University of Central Lancashire, Preston, Lancashire PR1 2HE UK",+44 (0) 1772 895024,http://www.uclan.ac.uk/study_here/how_to_apply/international.php,
90,巴斯斯巴大学,,,11300,9900,,,international@bathspa.ac.uk，admissions@bathspa.ac.uk,"Bath Spa University, Sion Hill, Sion Hill Place, Bath, BA1 5SF",+44 (0) 1225 875777，+44 (0)1225 875609,http://www.bathspa.ac.uk/international-students/how-do-i-apply,
91,格罗斯泰斯特主教大学,,,11300,9900,,,international@bathspa.ac.uk，admissions@bathspa.ac.uk,"Bath Spa University, Sion Hill, Sion Hill Place, Bath, BA1 5SF",+44 (0) 1225 875777，+44 (0)1225 875609,http://www.bathspa.ac.uk/international-students/how-do-i-apply,
92,桑德兰大学,,,9400,2794,6000,,enquiries-sunderland@sunderland.ac.uk，admissions@sunderland.ac.uk,"International Office 5th Floor, Edinburgh Building City Campus, Chester Road Sunderland, SR1 3SD United Kingdom",+44 (0) 191 515 3100，+44 0191 515 3154,http://www.sunderland.ac.uk/pg/postgraduate-apply/,
93,北安普顿大学,,,12000,6000,,,international@northampton.ac.uk,"International Office, The University of Northampton, Park Campus, Boughton Green Rd, Northampton, NN2 7AL UK",+44 (0)1604 892134/2546,http://www.northampton.ac.uk/study/international-students/how-to-apply-international-students/,
94,索伦特大学,,,12000,6000,,,international@northampton.ac.uk,"International Office, The University of Northampton, Park Campus, Boughton Green Rd, Northampton, NN2 7AL UK",+44 (0)1604 892134/2546,http://www.northampton.ac.uk/study/international-students/how-to-apply-international-students/,
95,西苏格兰大学,,,12600,5512,,,,,,,
96,玛格丽特女王大学,,,10170,4850,,,rilo@qmu.ac.uk，admissions@qmu.ac.uk，edinburgh_chineseconsulate@mfa.gov.cn,"Admissions Office, Queen Margaret University, Edinburgh EH21 6UU",+44 131 474 0099，+44 131 3373220,https://www.ucas.com/ucas/undergraduate/register,
97,伍斯特大学,,,14800,4368,6000,,admissions@worc.ac.uk，international@worc.ac.uk,International Recruitment University of Worcester Henwick Grove Worcester WR2 6AJ UK,+44 01905 855111，+44 (0)1905 542640,https://www.ucas.com/ucas/undergraduate/register,
98,威尔士三一圣大卫大学,,,9000,4498,5980,,,,,,
99,伯明翰城市大学,,,13700,6450,,,,,,,
100,伦敦南岸大学,1、雅思成绩单。2、A-level或IB课程成绩等。3、1篇Essay及1封推荐信。4、本科成绩单。5、资金证明,12,10500,4251,,25000,sr.apo@lsbu.ac.uk，internat@lsbu.ac.uk，lsbuadmissions@lsbu.ac.uk,"Jenny Tomkinson,International Enquiries Manager,London South Bank University 103 Borough Road London SE1 0AA UK",+44 (0)20 7815 6193，+44 (0)20 7815 6189,http://www.lsbu.ac.uk/international/how-to-apply,
101,威斯敏斯特大学,通过ULKPASS申请，需要：。1、课程和大学的细节：。2、个人资料：。3、大学/大专学历、专业资格。4、英语水平/专业资格。5、工作经验：包括申请人在过去六年中的任何工作经验。6、补充资料：如果原始成绩单不是英语的，请提供翻译件。7、推荐信,,11000,3402,,,cav-admissions@westminster.ac.uk，mrdmark@westminster.ac.uk，harrow-admissions@westminster.ac.uk,"International Office University of Westminster, 101 New Cavendish Street London W1W 6XH United Kingdom",+44 (0) 20 7911 5883，+44 (0) 20 7911 5020，+44 (0) 20 7911 5903,http://www.ukpass.ac.uk/,
102,贝德福德大学,,,9750,3200,,,international@beds.ac.uk，teamc@beds.ac.uk,"International Admissions (China) University of Bedfordshire Fairview House Park Square, Luton Bedfordshire LU1 3JU UK",+44 (0)1582 489319，+44 (0) 1582 489742,http://www.beds.ac.uk/international/international-applications/how-to-apply,
103,格林威治大学,1、在线申请表。2、学习经历说明。3、个人证件照。4、财产证明。5、语言要求与标准化考试成绩。6、本科毕业证/学位证,12,11,9000,10100,,international@greenwich.ac.uk,"University of Greenwich, International Office, Fry Building, Southwood Site, Avery Hill Road, Eltham, London SE9 2UG UK",+44 20 8331 8136,http://www2.gre.ac.uk/study/apply/pg,
104,坎特伯雷大学,,,,,6000,,admissions@canterbury.ac.uk，ipo@canterbury.ac.uk,"International Office, Canterbury Christ Church University, Canterbury CT1 1QU, England",+44 01227 782900，+44 (0)1227 782222,http://www.canterbury.ac.uk/study-here/postgraduate-taught/how-to-apply-for-postgraduate-taught.aspx,
105,布莱顿大学,在线申请表	1、在线填写；2、王册后方可了解文件清单。语言要求与标准化考试成绩	需要。面试	录取后，部分专业要求申请人参加面试．。本科毕业证/学位证	需要,,12330,,9000,,international@brighton.ac.uk，admissions@brighton.ac.uk,"International Office, University of Brighton, Room 213 Mithras House, Lewes Road, Brighton, BN2 4AT UK",+44/0 1273 642409,https://www.brighton.ac.uk/studying-here/applying-to-brighton/postgraduate/index.aspx,
106,安格利亚鲁斯金大学,,,9800,3675,,,internationaladmissions@anglia.ac.uk,"Admissions Office, Anglia Ruskin University, East Road, Cambridge CB1 1PT, United Kingdom",+44 (0) 1245 683680，+44 (0) 1245 493131,http://www.anglia.ac.uk/study/postgraduate-admissions,
107,东伦敦大学,1、在线申请表。2、成绩单。3、推荐信及推荐人具体信息。4、语言要求与标准化考试成绩。5、本科毕业证/学位证。6、学习经历说明,12,11700,3154,,,study@uel.ac.uk，international@uel.ac.uk,"International Admissions, University of East London, Docklands Campus, University Way, London, E16 2RD UK",+44 (0) 20 8223 3333，+44 (0) 20 8223 2805,https://www.uel.ac.uk/international/applying-to-uel/,
108,伦敦艺术大学,,,15950,9100,2300,28390,admissions@arts.ac.uk，student.advisers@arts.ac.uk,University of the Arts London 272 High Holborn London WC1V 7EY United Kingdom,+44 (0)207 514 6000,http://www.arts.ac.uk/study-at-ual/apply/postgraduate/,1040
109,龙比亚大学,,,13470,3500,,,pgadmissions@napier.ac.uk,Admissions Services Edinburgh Napier University 10 Colinton Road Edinburgh EH10 5DT UK,+44 (0)131 455 2877，+44 (0)333 900 6040,http://www.napier.ac.uk/study-with-us/postgraduate/how-to-apply/the-application-process,
110,金斯顿大学,1、在线申请表。2、成绩单。3、推荐信及推荐人具体信息。4、财产证明。5、个人陈述。6、语言要求与标准化考试成绩,12,12500,7250,,24690,admissionsops@kingston.ac.uk，international@kingston.ac.uk,"Applicant Services (Postgraduate), Kingston University, Cooper House, 40–46 Surbiton Road, Kingston upon Thames KT1 2HX, United Kingdom",+44 (0)844 855 2177，+44 (0)20 8417 3411,http://www.kingston.ac.uk/postgraduate/apply-now/,1040
111,约克圣约翰大学,,,17250,2600,7500,,ysjinternational@yorksj.ac.uk,YSJ International York St John University Lord Mayor's Walk York YO31 7EX United Kingdom,+44 1904 876678,http://www.yorksj.ac.uk/international/how-to-apply/application-enquiry.aspx,
112,普利茅斯大学,1、在线申请表。2、成绩单：复印件+公证件+原件。3、身份证明：护照各页复印件。4、获奖经历。5、推荐信：推荐信内容说明至少一封学术推荐信。。6、推荐人具体信息。7、财产证明。8、个人陈述。9、语言要求与标准化考试成绩：需要。10、本科在读学生需提交：学科成绩单。11、本科毕业证/学位证：复印件+公证件。12、个人简历,,13250,9000,,,international-admissions@plymouth.ac.uk,"Plymouth University International Admissions, Drake Circus, Plymouth, Devon, PL4 8AA, United Kingdom",+44 (0)1752 588014,https://www.plymouth.ac.uk/international/how-to-apply/international-students-postgraduate-applications,
113,南威尔士大学,,,11700,,6000,,international.advice@southwales.ac.uk,"Enquiries and Admissions Unit University of South Wales Pontypridd, Wales, UK CF37 1DL",+44 (0)1443 654450，+44 (0)1443 482083,https://applicationform.southwales.ac.uk/,
114,伦敦大学伯贝克学院,1、在线申请表。2、语言要求与标准化考试成绩。3、本科毕业证/学位证。4、按学校要求撰写的论文,12,12975,,9000,30000,international-office@bbk.ac.uk，isa@bbk.ac.uk,"Birkbeck, University of London Malet Street, Bloomsbury London WC1E 7HX UK",+44 020 7380 3241/3242/3243/3244/3245，+44 020 7380 3100,http://www.bbk.ac.uk/prospective/postgraduate/apply,
115,利兹贝克特大学,1、在线申请表。2、语言要求与标准化考试成绩。3、本科毕业证/学位证。4、按学校要求撰写的论文,12,12975,,9000,30000,international-office@bbk.ac.uk，isa@bbk.ac.uk,"Birkbeck, University of London Malet Street, Bloomsbury London WC1E 7HX UK",+44 020 7380 3241/3242/3243/3244/3245，+44 020 7380 3100,http://www.bbk.ac.uk/prospective/postgraduate/apply,
116,波尔顿大学,,,12500,3978,7000,,international@bolton.ac.uk，applications@bolton.ac.uk，admissions@bolton.ac.uk,"Marketing & Admissions University of Bolton Deane Road Bolton, BL3 5AB United Kingdom",+44 (0) 1204 903110，+44 01204 903903，+44 01204 903394,https://www.ucas.com/ucas/undergraduate/register,
117,哥比亚大学,,,15500,4258,8600,,,,,,
118,新白金汉大学,,,9500,4065,,,internationaloffice@bucks.ac.uk,International Office Buckinghamshire New University Queen Alexandra Road High Wycombe Buckinghamshire HP11 2JZ,+44 (0) 1494 603049,http://bucks.ac.uk/international/application_immigration/how_to_apply,
119,格林多大学,,,11450,5044,12000,,,,,,
120,伦敦都市大学,1、在线申请表。2、成绩单。3、推荐信及推荐人具体信息。4、语言要求与标准化考试成绩。5、本科毕业证/学位证。6、学习经历说明,,9000,3600,11207,,internationaladmissions@londonmet.ac.uk，international@londonmet.ac.uk,Admissions Office London Metropolitan University 166-220 Holloway Road London N7 8DB UK,+44 (0)207 133 3700，+44 (0)207 133 3317,http://www.londonmet.ac.uk/international/international-admissions/application-guidance-and-entry-criteria/online-application-guidance/,
121,萨福克学院,,,9000,4732,,,,,,,
122,密德萨斯大学,1、在线申请表。2、学习，工作经历说明。3、个人证件照。4、资金证明。5、语言要求与标准化考试成绩。6、本科毕业证/学位证,,10700,4628,,15328,https://mdx.hobsons.co.uk/ask.aspx?did=23&kb=onload,Middlesex University Hendon campus The Burroughs London NW4 4BT UK,+44 (0)20 8411 5555,http://www.mdx.ac.uk/courses/help-with-your-application,
